vacancy_id,vacancy_title,required_qualification,required_branch,pincode,stipend
282,Solar Tech,ITI,Elec,872246,5839
33,Office Asst,12th,Elec,343962,9139
719,Data Analyst,BA,Elec,571029,9827
349,Site Engg,ITI,Elec,900581,7757
619,Site Engg,12th,Arts,581741,9392
850,HR Intern,B.Tech,any,479201,9729
792,Site Engg,12th,any,344098,5827
167,Site Engg,Diploma,Elec,802729,7187
651,Solar Tech,B.Tech,Arts,356702,6338
225,HR Intern,Diploma,any,905635,11356
68,Solar Tech,B.Tech,Arts,429963,6741
272,Solar Tech,ITI,Arts,688637,9415
371,Solar Tech,ITI,Comm,617488,5744
812,HR Intern,BA,Comm,166613,8152
882,Office Asst,MBA,Arts,220116,10584
301,Marketing Exec,ITI,CS,103402,10915
520,Office Asst,MBA,Civil,982554,10234
553,Data Analyst,12th,Comm,439902,9002
247,Data Analyst,12th,Mech,867460,8981
487,Data Analyst,ITI,Civil,653306,9969
707,Solar Tech,MBA,Civil,518373,10502
254,Solar Tech,12th,Civil,122056,9819
725,HR Intern,12th,Elec,170674,5257
686,Marketing Exec,ITI,Comm,238739,10925
804,Marketing Exec,BA,Elec,198907,5794
885,HR Intern,12th,Arts,785197,10293
255,Solar Tech,ITI,Comm,570405,6148
454,Data Analyst,12th,Mech,783823,9428
498,Marketing Exec,ITI,any,520521,5480
293,Marketing Exec,MBA,Arts,921414,9552
223,Office Asst,B.Tech,Arts,668532,5499
515,Data Analyst,ITI,Mech,632496,5656
883,Solar Tech,BA,Mech,697347,7016
674,Data Analyst,B.Tech,Comm,431737,7136
406,Solar Tech,MBA,Arts,414569,8745
577,Office Asst,12th,Comm,323508,9144
292,Solar Tech,BA,any,669605,10763
837,Data Analyst,Diploma,Arts,208618,6100
279,Site Engg,B.Tech,Elec,852470,7808
258,Office Asst,12th,Arts,544151,11794
653,Site Engg,ITI,Arts,563298,9519
968,HR Intern,ITI,Comm,137778,11837
43,Site Engg,Diploma,any,141832,7931
799,Data Analyst,BA,Comm,885884,6266
903,Marketing Exec,12th,Elec,872343,7721
274,Solar Tech,MBA,Mech,501124,5317
359,Site Engg,ITI,Elec,124813,10406
360,HR Intern,B.Tech,CS,812526,11911
595,Site Engg,12th,Mech,725550,8559
119,Marketing Exec,B.Tech,Elec,367095,5363
704,HR Intern,MBA,Arts,803204,6614
322,HR Intern,12th,Arts,414910,9154
303,Data Analyst,ITI,Elec,540869,10447
583,Site Engg,BA,Comm,974224,5003
622,HR Intern,Diploma,CS,563246,8622
174,HR Intern,12th,Civil,640490,10438
689,Site Engg,ITI,any,308802,6207
467,Marketing Exec,MBA,Comm,303880,10884
672,HR Intern,12th,any,907451,5873
531,Marketing Exec,12th,Comm,361303,11949
573,Data Analyst,Diploma,any,564071,10018
457,Solar Tech,MBA,any,597732,8686
497,HR Intern,ITI,Civil,561239,5634
915,Data Analyst,12th,Elec,258157,6894
425,Marketing Exec,Diploma,Comm,588557,8406
969,HR Intern,12th,any,902784,9716
874,Marketing Exec,B.Tech,Arts,870319,9473
447,Marketing Exec,12th,CS,452457,10479
942,Solar Tech,B.Tech,Comm,128276,8227
439,Solar Tech,BA,Elec,152727,7131
780,Marketing Exec,Diploma,any,972335,8453
973,Solar Tech,ITI,any,121369,10089
578,Solar Tech,BA,Arts,368690,11282
118,Solar Tech,Diploma,Mech,706794,5210
965,HR Intern,ITI,Mech,720859,10657
871,HR Intern,B.Tech,any,226935,11522
678,Site Engg,12th,Comm,778998,7795
984,Site Engg,MBA,any,582071,10794
277,Data Analyst,B.Tech,any,606983,8808
873,Solar Tech,12th,Civil,572700,6997
345,Office Asst,BA,any,440802,6489
902,Data Analyst,MBA,Civil,682789,5083
417,Marketing Exec,B.Tech,any,351997,10657
96,Site Engg,ITI,CS,825391,6993
544,Site Engg,BA,Arts,677124,7709
237,Office Asst,MBA,Elec,430876,5979
757,Marketing Exec,Diploma,Arts,718226,11227
304,Solar Tech,Diploma,Elec,416950,5115
567,Site Engg,MBA,Elec,768854,11166
491,Marketing Exec,Diploma,Elec,153872,7068
411,Marketing Exec,12th,Comm,760021,10623
390,Marketing Exec,BA,Civil,717113,8512
102,Solar Tech,MBA,Elec,377501,10410
161,Office Asst,BA,CS,822858,9864
290,HR Intern,BA,Mech,820775,6912
436,Office Asst,B.Tech,Elec,779094,6220
312,HR Intern,BA,Civil,624783,9423
753,Site Engg,B.Tech,Civil,127121,5748
784,HR Intern,Diploma,Comm,142185,11251
939,Site Engg,ITI,Comm,557058,10200
342,Site Engg,MBA,Mech,999398,6317
886,Data Analyst,12th,Arts,668950,8784
775,Marketing Exec,MBA,CS,896907,5422
565,Office Asst,B.Tech,CS,197736,6840
853,Solar Tech,BA,Arts,406039,9168
468,Data Analyst,ITI,CS,299869,9910
887,Solar Tech,BA,Comm,607868,7827
891,Solar Tech,MBA,Elec,699573,8137
485,HR Intern,BA,CS,795928,11491
148,Marketing Exec,MBA,Elec,178463,8846
408,HR Intern,12th,any,444525,11982
736,Marketing Exec,B.Tech,Mech,747453,5560
93,Marketing Exec,12th,any,764532,10766
926,Office Asst,12th,Civil,934816,5459
700,Solar Tech,BA,Comm,250069,6902
10,Marketing Exec,Diploma,Arts,673149,6294
986,Marketing Exec,MBA,Civil,579027,11924
391,Data Analyst,Diploma,Comm,410244,10728
580,HR Intern,MBA,Mech,735863,11104
644,Office Asst,MBA,Arts,141337,7530
135,Office Asst,Diploma,Civil,883790,8403
514,Site Engg,ITI,Civil,964749,8947
480,Office Asst,ITI,any,336574,10540
810,Marketing Exec,12th,Civil,662636,6012
599,Marketing Exec,MBA,Civil,213609,10528
938,Data Analyst,ITI,Arts,166287,10205
120,Solar Tech,12th,Mech,419149,9035
465,Site Engg,MBA,Arts,830316,9425
671,Office Asst,BA,Comm,527940,7291
974,Solar Tech,Diploma,Mech,818987,8009
283,Solar Tech,12th,any,964226,8725
995,Office Asst,12th,any,449709,6995
213,Data Analyst,ITI,any,344316,7691
134,Data Analyst,Diploma,any,282973,5900
809,Solar Tech,B.Tech,Civil,116547,6427
117,HR Intern,12th,CS,570050,11373
227,Data Analyst,12th,Arts,921273,10397
623,Solar Tech,12th,Elec,388375,10114
612,Data Analyst,Diploma,CS,630108,9959
667,Data Analyst,MBA,any,325468,8523
409,Marketing Exec,MBA,Mech,427730,8496
946,Marketing Exec,12th,Mech,972176,5699
832,Solar Tech,B.Tech,Mech,714953,9600
895,HR Intern,BA,any,856086,5421
592,Data Analyst,ITI,Elec,788637,8950
377,Office Asst,Diploma,Comm,337144,11612
659,Data Analyst,12th,Comm,789786,11794
781,Site Engg,Diploma,Civil,106402,6486
146,HR Intern,MBA,Mech,196214,11112
162,Site Engg,Diploma,Arts,440140,11363
608,Marketing Exec,B.Tech,Arts,423401,5372
309,Solar Tech,ITI,any,367931,7371
180,Solar Tech,BA,Comm,837852,6885
415,HR Intern,MBA,CS,403578,5943
472,HR Intern,Diploma,Mech,557925,11918
81,Marketing Exec,Diploma,Arts,456005,6815
150,Site Engg,ITI,Elec,731661,6252
506,Marketing Exec,B.Tech,any,707616,8677
331,HR Intern,Diploma,Elec,561124,5559
606,Office Asst,Diploma,Comm,177794,7542
79,HR Intern,12th,Comm,722937,9153
918,Office Asst,BA,any,699425,10339
981,Office Asst,BA,Mech,950360,11859
177,Office Asst,ITI,Arts,559022,8599
940,Site Engg,BA,CS,912085,7771
133,Data Analyst,MBA,Mech,424620,9578
849,HR Intern,MBA,Comm,197992,10292
317,Solar Tech,ITI,Civil,903373,8983
865,Office Asst,B.Tech,any,665990,11841
898,Data Analyst,ITI,Comm,495019,6263
739,Marketing Exec,12th,CS,481995,10540
803,Marketing Exec,ITI,Comm,350786,7535
970,Data Analyst,BA,CS,906814,7308
867,Data Analyst,12th,Civil,187949,11251
94,Solar Tech,BA,Civil,127965,8398
84,Site Engg,ITI,Mech,434165,5811
141,Office Asst,Diploma,any,595404,10702
6,Office Asst,12th,Civil,326130,11840
114,Site Engg,ITI,Civil,227767,5391
440,Office Asst,B.Tech,Civil,352249,9674
999,Site Engg,12th,Comm,670511,9156
354,Solar Tech,MBA,Arts,758775,5849
361,Data Analyst,Diploma,any,774020,6434
647,Solar Tech,ITI,Mech,850827,11358
811,Solar Tech,12th,Civil,425138,9222
772,HR Intern,ITI,Civil,474314,11396
819,Site Engg,BA,CS,879414,8602
709,Marketing Exec,Diploma,any,644500,7184
617,Solar Tech,B.Tech,Civil,436814,5840
618,HR Intern,BA,Elec,823270,8636
446,Site Engg,MBA,any,160144,5614
696,Solar Tech,12th,Elec,989894,9977
242,HR Intern,Diploma,Civil,501451,9646
381,Marketing Exec,12th,Comm,244383,9337
721,Marketing Exec,ITI,Comm,399449,10685
727,Office Asst,B.Tech,Comm,404466,7457
179,Site Engg,B.Tech,Elec,227257,6646
568,Data Analyst,Diploma,CS,942700,9519
735,HR Intern,BA,Comm,530749,11300
658,Office Asst,BA,CS,813145,9238
787,Solar Tech,BA,Comm,158104,11810
158,Solar Tech,MBA,Comm,855638,9957
32,Marketing Exec,MBA,Comm,403742,10258
416,Site Engg,BA,Mech,822063,5490
528,Data Analyst,12th,Civil,353480,8821
52,Site Engg,BA,any,745270,8425
321,Solar Tech,ITI,CS,639728,8824
745,Site Engg,BA,Civil,147440,8281
296,Office Asst,BA,Comm,572230,11261
132,Office Asst,BA,Civil,933510,7777
522,Marketing Exec,B.Tech,Mech,147504,5318
153,Data Analyst,B.Tech,Elec,443897,10022
378,Site Engg,MBA,Mech,536774,9781
492,Solar Tech,B.Tech,Arts,856215,10076
249,Office Asst,B.Tech,Arts,215233,6562
708,Solar Tech,BA,Comm,912617,10009
142,Data Analyst,ITI,Comm,440839,10424
935,Data Analyst,Diploma,Comm,471496,10536
271,Data Analyst,BA,Elec,358494,7285
722,Solar Tech,MBA,Arts,612756,7597
125,Data Analyst,MBA,Comm,498138,8232
979,HR Intern,12th,Civil,563864,10373
278,Data Analyst,MBA,Civil,243941,5894
698,Solar Tech,12th,Comm,265613,8333
548,HR Intern,MBA,any,139110,6434
807,Marketing Exec,ITI,Arts,403528,5306
198,Office Asst,Diploma,Elec,866634,8759
346,Site Engg,B.Tech,Arts,894068,6582
7,Site Engg,BA,Elec,568436,11174
587,Office Asst,Diploma,Arts,477017,10675
164,Marketing Exec,MBA,Comm,837733,11306
630,Solar Tech,ITI,Elec,601410,6254
563,Marketing Exec,B.Tech,any,796353,11763
925,Data Analyst,ITI,Comm,662728,6227
211,HR Intern,B.Tech,CS,195359,9180
426,Marketing Exec,B.Tech,Mech,685941,8787
261,Office Asst,MBA,Elec,706403,5598
62,Office Asst,BA,Mech,401036,8349
987,Marketing Exec,Diploma,CS,570325,8092
670,Site Engg,12th,Elec,663356,8219
430,Data Analyst,12th,Elec,316092,5551
144,Data Analyst,Diploma,Elec,955413,10992
839,Site Engg,ITI,Civil,250219,10408
571,Data Analyst,MBA,Elec,756401,10560
688,Marketing Exec,B.Tech,Civil,830132,8410
992,Marketing Exec,B.Tech,Comm,240606,8181
945,Marketing Exec,Diploma,Mech,661654,10935
620,Data Analyst,12th,any,176319,6541
121,HR Intern,BA,Elec,829417,9951
795,Site Engg,BA,CS,659572,10314
478,Office Asst,MBA,CS,898625,11879
47,Data Analyst,ITI,Arts,253011,5132
967,HR Intern,Diploma,Civil,900441,11730
423,Solar Tech,MBA,Elec,171269,10793
422,Office Asst,12th,Comm,857273,7250
691,Marketing Exec,ITI,Mech,200992,9295
835,Site Engg,Diploma,any,516176,5647
714,Solar Tech,Diploma,Arts,968286,11945
389,Marketing Exec,B.Tech,CS,158840,10216
661,Site Engg,B.Tech,any,199994,9326
952,Site Engg,12th,Elec,715551,6181
859,Office Asst,Diploma,Comm,906360,10028
280,Marketing Exec,BA,Elec,473095,9530
677,Marketing Exec,12th,any,748665,7419
586,Data Analyst,ITI,Arts,499226,6388
65,Solar Tech,BA,Civil,541557,7455
341,Data Analyst,BA,any,445549,8606
329,Data Analyst,MBA,Elec,602278,7573
712,HR Intern,BA,Comm,919959,6985
955,Data Analyst,ITI,Comm,672133,6473
966,HR Intern,ITI,CS,936433,7386
143,HR Intern,Diploma,Elec,364955,10395
613,Marketing Exec,B.Tech,CS,660324,9150
991,Site Engg,BA,Mech,111060,5807
155,Site Engg,12th,CS,209627,7420
449,HR Intern,MBA,CS,434400,5550
664,Office Asst,MBA,any,272337,11066
574,Marketing Exec,BA,Elec,936507,8318
202,Marketing Exec,12th,Civil,803281,9009
626,Marketing Exec,B.Tech,Mech,464825,7883
723,Site Engg,B.Tech,Comm,188868,10505
188,Site Engg,MBA,Elec,635638,8182
191,Marketing Exec,MBA,Comm,827117,10285
200,Marketing Exec,B.Tech,Comm,784793,9054
501,Solar Tech,12th,Comm,132359,11519
551,Site Engg,ITI,any,579536,9633
452,Data Analyst,ITI,CS,207391,11029
270,Site Engg,12th,CS,223088,11353
584,Site Engg,B.Tech,Civil,725850,9413
130,HR Intern,ITI,Elec,253347,10827
413,Data Analyst,MBA,Civil,828449,8023
890,HR Intern,12th,Arts,580718,10200
17,Office Asst,ITI,CS,578693,5005
904,HR Intern,Diploma,Elec,387330,5764
456,Office Asst,12th,Arts,460263,11693
73,Solar Tech,BA,Mech,866260,11602
392,Solar Tech,MBA,Arts,249792,5560
451,Site Engg,MBA,Elec,758589,11129
881,Solar Tech,12th,Mech,246814,11164
323,Solar Tech,ITI,Civil,775933,5690
194,HR Intern,BA,Civil,777558,5447
397,Data Analyst,BA,Civil,672896,10594
70,Office Asst,Diploma,Elec,141761,5495
730,Data Analyst,BA,CS,835901,8295
285,Office Asst,Diploma,Mech,636141,6664
601,HR Intern,MBA,Arts,774396,5541
60,Solar Tech,12th,CS,221620,8714
536,Data Analyst,MBA,Civil,275073,8046
344,Marketing Exec,Diploma,Comm,166974,7154
916,Data Analyst,MBA,Arts,220936,6871
48,Marketing Exec,Diploma,CS,257375,6466
759,HR Intern,BA,Elec,437433,7033
899,Marketing Exec,Diploma,any,985885,7545
206,Site Engg,B.Tech,any,418672,11058
555,Site Engg,MBA,any,827146,5078
679,Solar Tech,ITI,Civil,373668,11970
335,Site Engg,BA,Civil,344959,5611
109,Solar Tech,BA,CS,429287,8330
475,Site Engg,12th,Mech,265271,11615
221,Site Engg,ITI,Mech,845702,7033
307,Site Engg,ITI,Mech,524035,12000
474,Office Asst,ITI,Mech,112537,5505
382,HR Intern,MBA,Arts,188121,9770
632,Solar Tech,MBA,Civil,623125,8375
393,Solar Tech,BA,Elec,773870,11530
543,Site Engg,B.Tech,Elec,267378,5820
58,Solar Tech,B.Tech,any,936124,8181
326,HR Intern,MBA,Civil,720298,5231
182,Site Engg,12th,Mech,254887,9805
140,Solar Tech,MBA,CS,930307,10236
752,HR Intern,Diploma,Elec,286340,10970
34,Solar Tech,B.Tech,Civil,948095,10008
340,HR Intern,12th,Elec,463656,7617
747,Site Engg,BA,Mech,378095,6717
738,Office Asst,12th,CS,559507,11001
231,Solar Tech,BA,Mech,938016,11928
76,Site Engg,ITI,CS,268720,10996
289,Site Engg,ITI,Mech,152046,8218
4,Marketing Exec,12th,Civil,963918,10423
212,Solar Tech,MBA,Civil,185916,8879
917,HR Intern,Diploma,Mech,773045,9457
771,HR Intern,MBA,Mech,189870,10473
233,Data Analyst,12th,any,505910,11704
923,Data Analyst,B.Tech,Arts,750403,6207
828,Solar Tech,ITI,Mech,543940,5641
152,Data Analyst,Diploma,Civil,862422,11613
334,Site Engg,B.Tech,CS,112964,11443
116,Marketing Exec,ITI,Elec,694116,9816
805,Site Engg,B.Tech,Civil,530849,7163
39,Solar Tech,Diploma,CS,250840,10064
911,Site Engg,MBA,Elec,151685,11109
838,Site Engg,Diploma,Civil,983788,9027
308,HR Intern,BA,any,965938,7628
193,Marketing Exec,ITI,any,526949,11069
694,Solar Tech,Diploma,Arts,529399,9204
663,Solar Tech,B.Tech,any,108874,6833
845,Data Analyst,BA,Comm,207282,5060
609,Data Analyst,Diploma,Civil,817659,5885
922,Office Asst,B.Tech,CS,792616,7618
352,HR Intern,MBA,Elec,819656,9379
431,Site Engg,Diploma,Civil,714015,7408
598,Data Analyst,B.Tech,Mech,595158,6593
424,Office Asst,ITI,Elec,310026,7807
884,HR Intern,ITI,any,184736,8994
5,Marketing Exec,Diploma,Elec,898169,11336
547,Solar Tech,MBA,Civil,114760,7639
516,Data Analyst,Diploma,Elec,168458,11748
611,Data Analyst,Diploma,CS,820141,6096
169,Marketing Exec,12th,Elec,335217,10956
517,Solar Tech,12th,Civil,845652,10329
639,Office Asst,B.Tech,Mech,794125,5885
427,Marketing Exec,BA,Mech,673867,7070
646,Office Asst,Diploma,CS,793805,5827
624,Solar Tech,Diploma,any,648558,6652
562,Marketing Exec,ITI,Arts,604012,7708
856,Data Analyst,MBA,CS,256389,5737
927,Site Engg,MBA,Elec,578938,7425
896,Office Asst,Diploma,Civil,940534,10544
107,Marketing Exec,B.Tech,CS,941235,9660
627,Office Asst,MBA,any,862606,6070
591,HR Intern,B.Tech,Elec,802382,7771
444,HR Intern,MBA,Elec,605339,7832
914,Data Analyst,12th,Mech,774652,6285
770,Marketing Exec,Diploma,Elec,446968,7278
122,Marketing Exec,MBA,Arts,118632,5840
846,Office Asst,B.Tech,Comm,768507,7495
615,Marketing Exec,MBA,Arts,480941,10864
350,Site Engg,MBA,any,406166,9486
505,Solar Tech,MBA,Arts,856609,8352
953,Marketing Exec,ITI,CS,964607,11401
138,Marketing Exec,12th,Comm,871976,5397
800,Solar Tech,MBA,Comm,282085,10984
621,Site Engg,B.Tech,CS,539001,9988
994,Site Engg,BA,any,239850,6131
864,HR Intern,B.Tech,any,429159,10831
215,Data Analyst,MBA,Civil,819964,7828
585,HR Intern,MBA,CS,806995,11126
769,Solar Tech,Diploma,Arts,362732,6199
399,Solar Tech,B.Tech,any,935540,11543
527,Office Asst,BA,Mech,549323,7286
631,HR Intern,Diploma,CS,928278,9691
226,Solar Tech,B.Tech,Mech,924451,9138
358,Solar Tech,ITI,Arts,448005,7712
575,HR Intern,12th,Mech,801432,7834
982,Office Asst,MBA,Civil,499898,11522
642,Office Asst,ITI,Arts,760093,11337
25,Marketing Exec,MBA,Civil,139726,5716
589,Solar Tech,Diploma,CS,506881,8695
690,Office Asst,B.Tech,Mech,772580,10900
869,Office Asst,Diploma,Comm,211291,7374
765,Marketing Exec,B.Tech,Civil,764845,6180
313,Solar Tech,MBA,Arts,861200,7816
189,Solar Tech,B.Tech,any,365018,6591
872,Data Analyst,BA,Arts,676365,5599
744,Data Analyst,BA,Civil,474486,6050
72,Solar Tech,Diploma,CS,572536,7689
862,Site Engg,ITI,Comm,305973,7156
751,Site Engg,ITI,CS,625465,9181
245,Data Analyst,MBA,Elec,893988,9211
676,Solar Tech,MBA,Arts,606990,7939
379,Solar Tech,12th,Arts,316818,9242
855,HR Intern,Diploma,Comm,670792,9670
909,Data Analyst,12th,Comm,245718,8603
217,Solar Tech,ITI,Elec,479818,9931
831,Site Engg,MBA,Mech,604906,10531
854,Marketing Exec,12th,Elec,145240,6047
41,Data Analyst,ITI,Mech,274421,7115
483,Marketing Exec,ITI,Elec,970699,8365
524,Site Engg,ITI,Arts,818894,7807
388,Marketing Exec,ITI,Mech,117367,6657
824,HR Intern,MBA,Comm,202463,8485
533,Office Asst,BA,Arts,315397,10634
437,HR Intern,B.Tech,Civil,373995,9391
407,Solar Tech,BA,Comm,921861,9567
260,Site Engg,B.Tech,Civil,911801,10779
236,Marketing Exec,MBA,Elec,205149,6756
701,HR Intern,12th,Elec,508004,10209
629,HR Intern,B.Tech,Civil,846172,9894
11,Solar Tech,MBA,any,643323,7342
238,Data Analyst,ITI,Arts,137812,7946
71,Office Asst,B.Tech,Civil,861411,11797
232,Data Analyst,ITI,CS,523579,9709
257,HR Intern,BA,CS,690525,8961
919,Data Analyst,12th,CS,221916,7112
224,Data Analyst,Diploma,Elec,882401,10596
241,HR Intern,ITI,any,378297,6693
798,Office Asst,12th,Mech,808640,10434
404,HR Intern,ITI,CS,226215,10720
243,Site Engg,BA,Comm,459762,7997
235,Office Asst,MBA,Civil,943146,6931
154,Marketing Exec,12th,Elec,541996,9092
324,Marketing Exec,Diploma,Civil,689444,9651
590,HR Intern,MBA,Comm,283017,11392
794,HR Intern,BA,Mech,499581,10027
234,Site Engg,Diploma,Arts,405509,10819
66,Marketing Exec,B.Tech,Mech,127645,11315
160,Office Asst,MBA,CS,424398,6878
958,Site Engg,B.Tech,CS,241678,10714
767,HR Intern,B.Tech,CS,648887,10241
785,Marketing Exec,Diploma,Comm,342446,11527
448,Marketing Exec,ITI,Elec,849666,11038
433,HR Intern,ITI,Comm,901676,11553
665,HR Intern,B.Tech,any,381880,8382
156,Office Asst,B.Tech,Mech,294969,5837
9,Solar Tech,12th,Elec,115440,9043
74,Data Analyst,BA,Elec,301528,11893
214,Marketing Exec,BA,Arts,427270,7646
534,Office Asst,Diploma,CS,769536,7447
921,Office Asst,BA,Arts,558752,9579
192,Data Analyst,Diploma,Civil,867979,8837
519,Marketing Exec,MBA,Elec,119629,10076
183,Office Asst,ITI,Mech,608947,6569
762,Marketing Exec,Diploma,any,842846,5477
332,Data Analyst,ITI,Comm,672130,6752
985,Marketing Exec,BA,CS,100205,10949
139,Site Engg,12th,Civil,332665,6759
720,Data Analyst,12th,Comm,773452,7460
944,Site Engg,Diploma,any,555401,8412
870,Data Analyst,12th,Arts,915182,10178
445,HR Intern,ITI,any,241422,8939
201,Data Analyst,B.Tech,Arts,649713,7017
947,Data Analyst,12th,Mech,804378,8388
56,Solar Tech,B.Tech,Elec,972881,11718
386,Data Analyst,MBA,Comm,145594,7092
633,Site Engg,12th,CS,786563,5068
369,Office Asst,12th,Civil,780956,8166
949,HR Intern,12th,Mech,359409,9336
19,Site Engg,MBA,Civil,472640,10121
641,Site Engg,BA,any,130897,9546
673,Solar Tech,12th,Arts,500773,9265
428,Solar Tech,B.Tech,Elec,547180,7559
581,Data Analyst,ITI,Comm,343461,6891
168,Solar Tech,ITI,Mech,528436,11263
463,Marketing Exec,12th,Elec,643899,9406
529,HR Intern,12th,Elec,405323,8600
740,Data Analyst,12th,Elec,916558,9795
724,Marketing Exec,MBA,Civil,189450,9291
876,Marketing Exec,B.Tech,any,106029,9980
488,Marketing Exec,BA,CS,183262,9925
684,Data Analyst,B.Tech,Civil,447195,5718
593,Site Engg,12th,Mech,905843,7451
538,Solar Tech,MBA,Elec,741784,5476
496,HR Intern,MBA,Comm,926471,10790
316,Site Engg,B.Tech,Comm,439658,11283
742,Data Analyst,B.Tech,Mech,972460,6438
817,Office Asst,MBA,Elec,604884,6272
951,HR Intern,12th,any,646384,7452
20,Solar Tech,B.Tech,Arts,447832,11549
861,Office Asst,Diploma,CS,756944,9376
610,Office Asst,Diploma,Arts,999488,7576
693,Solar Tech,ITI,Arts,138328,8763
764,Site Engg,12th,Comm,895338,7557
294,Site Engg,B.Tech,Civil,910326,8613
145,HR Intern,Diploma,Comm,356717,6403
184,HR Intern,B.Tech,Comm,760047,11849
833,HR Intern,BA,Mech,577714,7542
971,Solar Tech,ITI,any,746910,7113
339,Site Engg,BA,CS,131734,5535
666,Office Asst,Diploma,Comm,583367,8283
163,Marketing Exec,BA,Mech,457264,6705
857,Marketing Exec,12th,Comm,725030,8792
597,Office Asst,B.Tech,Comm,523831,11943
443,HR Intern,B.Tech,CS,755584,7606
894,HR Intern,ITI,Elec,112166,5587
435,Data Analyst,12th,Comm,622355,11937
494,HR Intern,12th,Elec,865654,10990
928,Marketing Exec,B.Tech,Arts,447617,8448
15,HR Intern,12th,Comm,283095,9847
268,HR Intern,ITI,CS,289592,11548
172,Solar Tech,B.Tech,Arts,982725,7826
476,Marketing Exec,BA,Civil,599401,11112
473,HR Intern,MBA,Elec,869983,10504
635,Office Asst,12th,Comm,788500,11844
788,Marketing Exec,MBA,Arts,907278,11308
625,Marketing Exec,ITI,Arts,615959,5888
717,Site Engg,BA,Comm,103883,9222
549,Site Engg,Diploma,Arts,417538,8281
499,Office Asst,MBA,CS,871043,6552
990,Office Asst,12th,Civil,158777,7766
827,HR Intern,MBA,Comm,580636,10554
239,Office Asst,12th,Arts,248468,9005
175,Data Analyst,12th,any,957179,5871
1000,HR Intern,B.Tech,Comm,244000,7634
450,Solar Tech,B.Tech,Mech,239849,5818
847,Site Engg,Diploma,CS,104792,9568
373,Site Engg,ITI,CS,363592,7738
54,Data Analyst,ITI,Elec,923648,5238
600,Marketing Exec,12th,CS,251981,6770
286,Office Asst,MBA,CS,871939,7020
35,Marketing Exec,B.Tech,CS,602550,11633
86,Data Analyst,12th,Arts,867333,8331
649,Office Asst,MBA,Mech,503575,10658
715,Data Analyst,B.Tech,Comm,933071,6696
375,Site Engg,ITI,Arts,685934,10774
90,Office Asst,BA,Elec,402380,5630
509,Solar Tech,ITI,Comm,757746,5185
356,Marketing Exec,BA,Arts,776000,5175
682,HR Intern,B.Tech,any,675111,8647
176,Site Engg,ITI,CS,489967,7360
814,Solar Tech,ITI,Elec,222596,5337
683,Solar Tech,B.Tech,Arts,563581,7774
695,Data Analyst,12th,Civil,126000,8290
552,Marketing Exec,MBA,Arts,191621,9192
13,Site Engg,Diploma,Civil,423050,8650
760,Marketing Exec,BA,Civil,271746,11600
728,Data Analyst,ITI,Elec,295041,11818
929,HR Intern,MBA,Elec,129824,5977
383,Data Analyst,MBA,Comm,118397,11924
297,Site Engg,B.Tech,Arts,180558,9209
614,Solar Tech,B.Tech,Civil,431570,11773
705,Site Engg,12th,Comm,708222,7880
815,Data Analyst,B.Tech,Arts,971803,9306
372,Solar Tech,BA,Comm,648532,11255
763,Office Asst,ITI,Elec,998435,10687
44,Solar Tech,12th,Mech,931578,10404
45,Office Asst,Diploma,Arts,110771,11181
782,Office Asst,B.Tech,Elec,850582,6569
743,Marketing Exec,Diploma,any,848152,11274
502,Marketing Exec,ITI,Arts,241147,5243
28,Solar Tech,BA,Comm,812197,7678
556,Site Engg,B.Tech,Comm,118528,11258
504,Marketing Exec,ITI,Civil,850490,8187
605,Office Asst,ITI,any,484208,7857
21,Data Analyst,Diploma,Mech,583298,10388
98,Data Analyst,Diploma,Civil,170537,9640
205,Marketing Exec,BA,Civil,755322,9221
546,Data Analyst,BA,Comm,861911,10134
650,Solar Tech,BA,Civil,963723,7351
675,Data Analyst,ITI,Arts,993933,5345
755,Marketing Exec,MBA,Arts,347399,8464
559,Marketing Exec,BA,Arts,358313,7275
246,Site Engg,B.Tech,CS,424291,10234
888,Solar Tech,BA,CS,108248,8219
305,Solar Tech,ITI,CS,762021,7598
281,Office Asst,BA,CS,872739,8382
756,Site Engg,BA,Arts,128679,11242
230,HR Intern,ITI,Elec,952924,11407
442,Solar Tech,B.Tech,Elec,964119,7318
731,Marketing Exec,MBA,CS,871861,9892
325,HR Intern,B.Tech,CS,248683,7133
766,Site Engg,BA,Civil,376002,10021
55,Solar Tech,ITI,Mech,341026,6500
768,Data Analyst,Diploma,Comm,795350,9797
185,Marketing Exec,12th,Elec,905572,9080
697,Office Asst,BA,Civil,719014,5868
851,HR Intern,MBA,CS,576111,10147
95,Marketing Exec,Diploma,Elec,351742,11315
821,Marketing Exec,MBA,any,425164,10611
525,Solar Tech,BA,CS,506941,8902
523,Marketing Exec,BA,Mech,587227,10413
836,Office Asst,MBA,Elec,128117,6714
863,HR Intern,B.Tech,Elec,190275,7465
868,HR Intern,BA,CS,989838,9060
38,Marketing Exec,BA,CS,638292,9841
63,Data Analyst,12th,CS,704402,7587
197,Marketing Exec,Diploma,CS,343377,9158
178,Solar Tech,ITI,Comm,616094,5826
844,Data Analyst,12th,Comm,210531,6368
300,HR Intern,BA,any,630471,9082
343,Solar Tech,12th,any,311697,8597
252,Solar Tech,B.Tech,CS,925455,6869
975,Data Analyst,MBA,Civil,131208,8625
778,Office Asst,MBA,Arts,258284,9706
897,Data Analyst,Diploma,CS,521530,10577
932,Site Engg,12th,any,393371,9323
660,Solar Tech,B.Tech,Comm,926636,10064
964,Office Asst,BA,Civil,700241,11036
596,Data Analyst,MBA,Arts,797848,9368
469,Solar Tech,MBA,Comm,654844,5967
42,Data Analyst,ITI,Mech,489511,7497
318,Data Analyst,BA,Civil,919304,8090
681,Data Analyst,BA,CS,344131,8239
513,Solar Tech,ITI,Civil,666692,6377
983,Data Analyst,Diploma,Mech,825452,6095
924,Office Asst,MBA,Elec,533232,9553
362,Marketing Exec,B.Tech,Civil,505537,6451
380,Solar Tech,BA,Mech,332281,11087
288,Marketing Exec,MBA,Arts,735465,6712
579,Solar Tech,12th,Comm,234476,11111
875,Site Engg,BA,any,526640,7244
530,Office Asst,MBA,Elec,149246,7276
402,Solar Tech,Diploma,Mech,699596,11616
783,Office Asst,MBA,CS,707056,6022
912,HR Intern,12th,any,233730,5507
337,Data Analyst,ITI,Mech,207677,5100
773,Site Engg,Diploma,Comm,667430,11352
299,Site Engg,12th,Comm,714926,10387
880,Office Asst,BA,Civil,304899,6641
655,Solar Tech,MBA,Elec,589199,10111
367,Office Asst,B.Tech,Mech,249319,7380
829,Site Engg,MBA,Elec,652522,11545
251,Office Asst,B.Tech,Comm,298287,11999
645,Site Engg,ITI,any,632959,9784
532,Marketing Exec,ITI,Civil,847096,8062
275,Data Analyst,BA,Arts,929029,9783
302,Data Analyst,B.Tech,Comm,774920,5640
866,Site Engg,ITI,Arts,733375,6129
461,Data Analyst,12th,Civil,245699,9730
830,HR Intern,Diploma,Civil,336444,8433
692,Data Analyst,ITI,Mech,966621,10644
934,Marketing Exec,Diploma,Elec,344359,7384
490,HR Intern,12th,CS,316509,6064
933,Data Analyst,BA,CS,585171,9719
403,HR Intern,12th,Elec,265603,7242
774,Office Asst,B.Tech,any,917376,7670
46,Marketing Exec,12th,Mech,769900,10689
841,Site Engg,ITI,Elec,979226,5147
219,Office Asst,Diploma,Civil,282055,5122
470,Solar Tech,12th,Arts,954678,7281
421,Site Engg,B.Tech,CS,206759,10837
384,Marketing Exec,Diploma,Elec,259038,8078
961,Solar Tech,ITI,Mech,282112,9854
311,Site Engg,B.Tech,CS,766478,6649
387,Solar Tech,BA,CS,543230,9139
493,Office Asst,Diploma,Elec,849588,8844
748,HR Intern,Diploma,CS,524206,8406
199,Marketing Exec,Diploma,any,888086,10916
151,Site Engg,ITI,Comm,706435,10428
170,Marketing Exec,Diploma,Arts,416900,9101
793,HR Intern,BA,Comm,537090,10361
510,Office Asst,Diploma,any,805756,9495
858,Solar Tech,BA,Arts,577924,6207
36,Data Analyst,Diploma,Civil,626781,10641
216,HR Intern,ITI,Arts,871464,5430
401,Office Asst,B.Tech,Arts,396788,7313
669,Marketing Exec,Diploma,Mech,225829,5955
186,Marketing Exec,BA,Arts,836873,8552
989,HR Intern,12th,Elec,728204,10695
126,Office Asst,ITI,Comm,316247,10346
87,Office Asst,B.Tech,Civil,481219,9459
368,Site Engg,ITI,Arts,752542,8457
92,Site Engg,Diploma,any,386526,6198
489,Data Analyst,ITI,Civil,109958,10625
495,Site Engg,Diploma,Elec,102342,11045
306,Site Engg,12th,Mech,466709,10918
112,Marketing Exec,MBA,any,560698,6325
905,HR Intern,ITI,Mech,298775,7333
564,Marketing Exec,MBA,Arts,233624,7661
786,HR Intern,ITI,Mech,811259,11798
204,Marketing Exec,MBA,any,949296,5844
314,HR Intern,MBA,Elec,332548,7753
53,Site Engg,12th,Civil,481237,7298
287,Data Analyst,12th,CS,293818,7066
100,HR Intern,12th,Arts,678570,11311
761,Data Analyst,B.Tech,Comm,489642,6951
537,Data Analyst,12th,Elec,728258,7245
113,Office Asst,MBA,Mech,238599,7034
14,Office Asst,12th,Comm,871889,11703
818,Office Asst,12th,any,255863,11371
131,Solar Tech,BA,Civil,434826,9048
550,Solar Tech,BA,Mech,709184,10856
80,Site Engg,B.Tech,any,987734,7748
67,Solar Tech,B.Tech,Mech,893270,7532
276,Office Asst,B.Tech,Comm,147054,9618
699,Marketing Exec,12th,Arts,197822,10885
348,Site Engg,Diploma,Comm,997531,8529
147,Site Engg,B.Tech,any,936116,11401
791,Marketing Exec,Diploma,CS,368463,11251
500,Office Asst,Diploma,any,400548,8284
376,Data Analyst,B.Tech,Civil,491835,5683
298,Marketing Exec,ITI,Comm,518675,11994
993,Data Analyst,12th,Mech,329242,11108
616,Marketing Exec,ITI,Civil,319952,6565
27,Marketing Exec,12th,Arts,907437,9860
789,Site Engg,MBA,Mech,388321,5679
31,Data Analyst,12th,Comm,636603,11233
336,Solar Tech,ITI,Mech,863094,10665
977,Office Asst,Diploma,Arts,678286,10340
420,Site Engg,B.Tech,any,776434,9345
128,Marketing Exec,ITI,Comm,442753,9842
49,Office Asst,ITI,Mech,438542,10632
77,Site Engg,Diploma,Arts,742515,11485
687,Solar Tech,BA,any,503764,6539
218,Solar Tech,BA,Comm,551777,9160
51,HR Intern,BA,Arts,543116,6588
703,Data Analyst,MBA,Arts,121734,6211
594,Data Analyst,MBA,Civil,974692,10016
572,HR Intern,ITI,Civil,610472,7361
129,Marketing Exec,MBA,Mech,585289,11614
210,Data Analyst,ITI,Comm,876390,9057
1,Solar Tech,B.Tech,Mech,645073,5793
455,Marketing Exec,12th,Mech,414492,8314
267,Data Analyst,MBA,CS,790130,10055
820,Office Asst,BA,CS,953009,8480
930,Site Engg,ITI,CS,858188,8754
737,Data Analyst,Diploma,CS,849923,11444
539,Site Engg,ITI,Arts,439818,9823
570,Solar Tech,ITI,Civil,614958,8584
366,Data Analyst,B.Tech,any,244570,11566
554,Site Engg,12th,Elec,961224,7374
347,Marketing Exec,Diploma,Elec,450791,11264
338,HR Intern,12th,Elec,617530,5597
355,Office Asst,BA,Comm,875201,10017
741,Office Asst,12th,Mech,620719,9158
801,Solar Tech,12th,Mech,127633,11337
582,Office Asst,12th,any,854793,7047
540,Site Engg,Diploma,Arts,667719,9124
848,Office Asst,12th,Civil,996086,9995
284,Data Analyst,B.Tech,Civil,167154,8608
808,Site Engg,Diploma,CS,783648,8069
419,Marketing Exec,B.Tech,Elec,703992,9048
171,Office Asst,BA,Civil,902694,9543
29,Data Analyst,12th,Comm,664045,11545
37,HR Intern,MBA,Mech,357859,6121
482,Solar Tech,BA,any,296193,11009
816,HR Intern,BA,Comm,474475,9451
603,Marketing Exec,ITI,any,735113,7557
310,Site Engg,BA,Elec,204521,7164
259,Marketing Exec,Diploma,Arts,454280,11834
484,Marketing Exec,ITI,Civil,883039,10899
657,HR Intern,ITI,Mech,721427,6248
222,Office Asst,B.Tech,Elec,250295,6350
89,Data Analyst,BA,Mech,221909,5741
395,Solar Tech,B.Tech,Comm,320895,10752
265,Solar Tech,BA,Civil,132975,5944
479,Data Analyst,Diploma,Civil,691155,8095
569,Site Engg,12th,CS,267069,7823
937,Office Asst,MBA,Elec,244787,9095
892,HR Intern,12th,Elec,107294,7761
97,Solar Tech,MBA,Elec,763664,9042
706,Solar Tech,Diploma,Comm,804055,5374
295,HR Intern,MBA,Comm,967146,8773
511,Solar Tech,B.Tech,Arts,278271,10513
385,Data Analyst,ITI,CS,736613,11960
30,Data Analyst,ITI,Elec,739323,10078
24,HR Intern,B.Tech,any,785890,8189
734,Data Analyst,MBA,Arts,561421,8510
777,Data Analyst,12th,Arts,277160,8002
776,Site Engg,Diploma,Civil,822672,8642
602,Data Analyst,Diploma,Comm,492547,8096
471,Data Analyst,MBA,Mech,980779,11113
263,HR Intern,ITI,Arts,782420,7007
327,HR Intern,12th,Elec,601532,5953
604,Solar Tech,B.Tech,CS,414531,9663
797,HR Intern,ITI,Comm,944906,10201
208,Solar Tech,MBA,Arts,368361,7414
110,Office Asst,ITI,Elec,441293,10921
104,Office Asst,MBA,Civil,389455,9406
588,Solar Tech,B.Tech,Mech,559550,7008
877,Solar Tech,B.Tech,Arts,905074,7675
948,Site Engg,MBA,any,704877,6250
124,Marketing Exec,MBA,Comm,475799,11141
823,Marketing Exec,BA,any,204926,7905
931,Site Engg,B.Tech,Civil,129861,11416
893,Solar Tech,BA,Mech,665680,8088
103,Office Asst,Diploma,Elec,196598,8439
363,Data Analyst,B.Tech,any,259143,9611
662,Marketing Exec,BA,Comm,302764,7036
91,HR Intern,B.Tech,Comm,480160,6976
943,Marketing Exec,12th,Arts,578804,11958
997,Solar Tech,Diploma,CS,921779,5391
878,Office Asst,Diploma,Civil,746345,9409
159,HR Intern,Diploma,Mech,618513,6838
253,Data Analyst,B.Tech,Elec,201314,11424
108,Data Analyst,ITI,Arts,465263,10878
460,Data Analyst,MBA,Mech,464488,8904
394,Site Engg,12th,any,695673,9615
636,Marketing Exec,ITI,Comm,328981,7828
40,Data Analyst,12th,any,426804,7387
852,Marketing Exec,BA,Mech,801188,9542
535,Marketing Exec,B.Tech,Arts,310692,7314
826,Office Asst,ITI,CS,745210,8038
26,Marketing Exec,12th,any,357714,9928
988,Site Engg,12th,Mech,818025,5533
264,Solar Tech,Diploma,Arts,121954,8536
711,Solar Tech,BA,Comm,799393,6411
806,Office Asst,12th,Mech,109089,5432
187,Marketing Exec,12th,CS,804393,9643
136,Site Engg,MBA,Civil,679215,6580
754,Solar Tech,B.Tech,Mech,786651,10599
464,Solar Tech,ITI,Arts,887010,8158
69,Site Engg,MBA,CS,737343,7370
628,Office Asst,MBA,Civil,439753,9633
64,Data Analyst,BA,Arts,928090,8243
328,Site Engg,BA,any,765143,10490
78,Site Engg,BA,Arts,123482,7436
907,Solar Tech,Diploma,Civil,776818,8822
398,Site Engg,ITI,Civil,549339,10072
220,Office Asst,ITI,CS,679896,10188
879,Data Analyst,ITI,any,897460,5557
396,HR Intern,B.Tech,Arts,687399,10588
357,Site Engg,ITI,any,451271,9240
273,Office Asst,BA,Arts,613340,9876
913,HR Intern,B.Tech,Mech,110334,5912
441,Solar Tech,ITI,Elec,748347,9945
18,Solar Tech,12th,Comm,876424,10030
512,Data Analyst,B.Tech,CS,978936,8622
250,HR Intern,MBA,Mech,574214,10841
526,Office Asst,B.Tech,Comm,159611,8226
248,Data Analyst,Diploma,Comm,921200,7287
972,HR Intern,12th,any,429207,5466
61,Data Analyst,12th,Elec,212904,8677
566,HR Intern,B.Tech,Civil,843556,6718
3,Office Asst,BA,any,964366,9104
822,Site Engg,B.Tech,any,673094,8414
165,Data Analyst,MBA,Comm,303602,8921
957,Marketing Exec,B.Tech,any,580093,8172
123,Data Analyst,12th,any,975798,10227
157,Site Engg,Diploma,any,532044,5609
718,Office Asst,MBA,any,117663,8852
256,Data Analyst,12th,Arts,540636,7088
137,Solar Tech,Diploma,Mech,702485,5023
542,Office Asst,ITI,Mech,443279,11295
2,Marketing Exec,ITI,Elec,213735,11001
477,Office Asst,B.Tech,Mech,935297,10689
779,Site Engg,BA,Elec,814435,7263
652,Site Engg,12th,Civil,859063,9226
364,Office Asst,B.Tech,any,767151,9307
85,Marketing Exec,12th,any,509137,7388
518,Office Asst,ITI,Arts,214258,8017
228,Solar Tech,12th,Mech,199168,10827
558,Office Asst,B.Tech,Elec,352807,9860
941,Data Analyst,B.Tech,CS,895238,7682
291,Data Analyst,12th,Arts,535694,5025
713,HR Intern,MBA,Civil,236369,9257
99,Office Asst,MBA,Elec,547234,11392
244,Marketing Exec,MBA,Comm,872442,9330
149,Data Analyst,Diploma,Comm,502756,10216
106,Site Engg,12th,any,624747,7536
190,Solar Tech,Diploma,any,248155,11359
418,Data Analyst,MBA,Mech,685009,8874
996,Office Asst,MBA,CS,282362,11138
353,Marketing Exec,MBA,Mech,969494,6774
541,Office Asst,B.Tech,Arts,392811,5656
330,Office Asst,BA,CS,911235,6451
195,Solar Tech,BA,Mech,800318,9466
374,Office Asst,BA,Comm,250606,5691
889,Office Asst,ITI,Elec,139623,11970
680,Marketing Exec,BA,Comm,658049,9034
654,Solar Tech,MBA,Elec,816728,9363
648,Site Engg,MBA,Comm,542461,7979
900,HR Intern,12th,Arts,419678,10112
50,HR Intern,ITI,Arts,259160,5946
181,Office Asst,12th,Civil,123812,11470
127,Site Engg,B.Tech,Elec,602593,6890
434,Data Analyst,12th,Comm,113766,9234
82,Office Asst,Diploma,Civil,656473,7257
458,Marketing Exec,MBA,CS,725119,7078
950,Solar Tech,B.Tech,CS,631468,8062
656,Site Engg,B.Tech,CS,502370,9479
560,Solar Tech,12th,Comm,701746,11466
23,Solar Tech,Diploma,Civil,886931,7474
980,HR Intern,12th,any,520169,8782
269,Solar Tech,12th,any,928902,7545
825,Data Analyst,12th,CS,237212,6986
351,Solar Tech,BA,Civil,830264,9822
262,Site Engg,MBA,Arts,303803,5271
729,Data Analyst,B.Tech,Elec,275933,6193
481,Office Asst,B.Tech,Comm,115775,8008
920,HR Intern,B.Tech,Mech,595429,9334
75,Site Engg,12th,Civil,941850,9844
607,Marketing Exec,ITI,CS,379205,6450
668,Data Analyst,ITI,Elec,822308,7144
643,Solar Tech,MBA,Comm,836578,11382
462,Site Engg,B.Tech,any,295106,5718
320,Solar Tech,BA,Mech,342163,11907
906,HR Intern,ITI,CS,488019,7897
166,Data Analyst,12th,CS,815795,11659
412,Data Analyst,MBA,Arts,936226,7197
834,Marketing Exec,B.Tech,Mech,125780,8010
333,Marketing Exec,Diploma,Elec,252199,6718
976,Solar Tech,MBA,Comm,117707,10199
638,HR Intern,BA,Mech,242559,10971
959,Solar Tech,MBA,Arts,699435,10720
266,HR Intern,Diploma,CS,506728,6812
370,Site Engg,ITI,Elec,218475,8077
459,Marketing Exec,Diploma,Comm,836090,6488
749,Solar Tech,Diploma,Elec,583484,11038
726,HR Intern,MBA,Mech,525785,8950
365,HR Intern,ITI,Mech,474799,8173
936,HR Intern,12th,Arts,224062,9348
750,Solar Tech,B.Tech,Civil,682678,7629
466,Site Engg,Diploma,CS,341509,11264
8,HR Intern,Diploma,Comm,437386,11154
111,Data Analyst,B.Tech,Mech,137167,6576
561,Office Asst,BA,any,106594,8725
414,Data Analyst,MBA,Arts,901207,9334
453,Solar Tech,MBA,Mech,200129,5479
963,Site Engg,12th,Arts,812390,6033
315,HR Intern,BA,Arts,890521,8099
716,Solar Tech,12th,Comm,568421,9511
115,Marketing Exec,12th,CS,128825,9526
203,Site Engg,12th,any,780292,9281
901,Data Analyst,12th,CS,917968,7730
173,Site Engg,BA,Elec,679307,8368
12,Data Analyst,Diploma,Civil,143001,10713
503,Site Engg,12th,Arts,271302,7604
57,Solar Tech,B.Tech,CS,414552,7159
507,HR Intern,12th,Comm,719697,9303
59,Marketing Exec,Diploma,CS,696004,10650
576,Site Engg,ITI,Civil,117074,5033
105,Solar Tech,ITI,Arts,931813,7643
209,HR Intern,BA,any,571595,7357
702,Marketing Exec,BA,any,375469,11651
813,Office Asst,ITI,Civil,712001,9194
486,Solar Tech,BA,Mech,594435,10661
802,Marketing Exec,BA,Elec,439020,10262
978,Solar Tech,Diploma,Comm,878796,7696
545,Site Engg,MBA,Elec,352065,11094
840,Site Engg,12th,Elec,226993,11873
640,Solar Tech,MBA,Elec,233362,11863
956,Office Asst,BA,Comm,345410,5686
429,Marketing Exec,ITI,Arts,942875,5818
432,Solar Tech,MBA,Comm,714461,9490
101,Solar Tech,MBA,any,681811,7061
319,HR Intern,ITI,Civil,979514,7660
521,Solar Tech,BA,any,179789,10467
998,Data Analyst,MBA,Comm,946159,10091
229,Office Asst,ITI,Mech,947739,7517
962,HR Intern,B.Tech,Arts,294585,6301
508,Data Analyst,12th,Comm,518616,7281
400,Marketing Exec,B.Tech,Mech,192757,11637
405,Data Analyst,12th,Arts,414367,5843
908,HR Intern,ITI,CS,985994,7436
637,Solar Tech,Diploma,Elec,817131,9706
758,HR Intern,B.Tech,any,292125,11481
685,Site Engg,BA,Elec,762986,6582
960,Solar Tech,12th,CS,825239,10848
16,Solar Tech,ITI,any,372128,10685
196,HR Intern,12th,Elec,583906,6922
22,Office Asst,Diploma,CS,404708,9268
843,Site Engg,B.Tech,CS,999492,7699
557,Office Asst,Diploma,CS,361352,5262
710,Data Analyst,12th,any,141820,6279
410,Office Asst,12th,Civil,475757,9205
746,HR Intern,ITI,Mech,485508,9009
842,Data Analyst,B.Tech,CS,377302,5913
88,Data Analyst,12th,Arts,818876,5840
83,HR Intern,ITI,Civil,361563,7559
910,Site Engg,MBA,any,127626,5219
240,Office Asst,ITI,Elec,142777,10036
732,Data Analyst,B.Tech,Civil,902989,8146
634,Marketing Exec,BA,Comm,733875,11671
860,Solar Tech,B.Tech,CS,612877,8918
207,Data Analyst,ITI,Mech,511534,7058
733,HR Intern,B.Tech,Arts,496187,9751
438,Solar Tech,BA,CS,648656,5569
790,Data Analyst,MBA,Mech,608049,5314
954,Site Engg,MBA,Elec,427636,6422
796,Data Analyst,ITI,any,292766,11448
